{
    "macros": {
        "reset": {
            "enabled": false,
            "bind": "v",
            "delay": 20
        },
        "pickup": {
            "enabled": false,
            "trigger": "alt",
            "bind": "e"
        },
        "crouch": {
            "enabled": false,
            "trigger": "shift",
            "bind": "c",
            "delay": 30
        },
        "prefire": {
            "enabled": false,
            "bind": "t",
            "wall_bind": "x",
            "delay": 1
        }
    }
}